{"schemaVersion":"1.0","appDefinitionTemplate":{"id":"/providers/Microsoft.PowerApps/apps/","type":"Microsoft.PowerApps/apps","tags":{"primaryDeviceWidth":"1366","primaryDeviceHeight":"768","supportsPortrait":"true","supportsLandscape":"true","primaryFormFactor":"Tablet","showStatusBar":"false","publisherVersion":"3.24041.27","minimumRequiredApiVersion":"2.2.0","hasComponent":"false","hasUnlockedComponent":"false","isUnifiedRootApp":"false","sienaVersion":"20240417T210517Z-3.24041.27.0"},"properties":{"appVersion":"2024-04-17T21:05:17Z","lifeCycleId":"Published","createdByClientVersion":{"major":3,"minor":24041,"build":27,"revision":0,"majorRevision":0,"minorRevision":0},"minClientVersion":{"major":3,"minor":24041,"build":27,"revision":0,"majorRevision":0,"minorRevision":0},"backgroundColor":"RGBA(0,176,240,1)","backgroundImageUri":"/5367562624201157483/N2262769a-0457-4c85-8752-3792af1056c7-logoSmallFile","displayName":"MSFT Power Platform and Dynamics Shorties","description":"Discover the power of the Microsoft Power Platform and Dynamics 365 with our Shorties app. Explore a variety of informative videos and tutorials on this platform.","commitMessage":"Save app with description provided in publish dialog.","appUris":{"documentUri":{"value":"/5367562624201157483/Ndc607fee-68d9-4e14-82c9-43326a141574-document.msapp"},"imageUris":[],"additionalUris":[{"isSolutionAware":false,"value":"/5367562624201157483/N34b6fb54-325d-465a-a3d5-95f96c3199e6-identity.json"}]},"createdTime":"0001-01-01T00:00:00Z","lastModifiedTime":"0001-01-01T00:00:00Z","sharedGroupsCount":0,"sharedUsersCount":0,"connectionReferences":{},"databaseReferences":{},"almMode":"Solution","performanceOptimizationEnabled":true,"canConsumeAppPass":true,"enableModernRuntimeMode":false,"executionRestrictions":{"isTeamsOnly":false,"dataLossPreventionEvaluationResult":{"status":"Compliant","lastEvaluationDate":"2024-04-03T08:50:48.4378924Z","violations":[],"violationsByPolicy":[],"violationErrorMessage":"The app uses the following connectors: ."}}},"appType":"ClassicCanvasApp","appComponents":[]}}