{"schemaVersion":"1.0","appDefinitionTemplate":{"id":"/providers/Microsoft.PowerApps/apps/","type":"Microsoft.PowerApps/apps","tags":{"primaryDeviceWidth":"1455","primaryDeviceHeight":"778","supportsPortrait":"true","supportsLandscape":"true","primaryFormFactor":"Tablet","publisherVersion":"3.24013.17","minimumRequiredApiVersion":"2.2.0","hasComponent":"false","hasUnlockedComponent":"false","isUnifiedRootApp":"false","sienaVersion":"20240201T202013Z-3.24013.17.0","showStatusBar":"false","offlineLargeFilesSupport":"false"},"properties":{"appVersion":"2024-02-01T20:20:13Z","lifeCycleId":"Published","createdByClientVersion":{"major":3,"minor":24013,"build":17,"revision":0,"majorRevision":0,"minorRevision":0},"minClientVersion":{"major":3,"minor":24013,"build":17,"revision":0,"majorRevision":0,"minorRevision":0},"backgroundColor":"rgba(255, 255, 255, 1)","backgroundImageUri":"/7456203238459537823/N787de033-5813-4f06-b55d-850edf88a65f-logoSmallFile","displayName":"Microsoft Shorties Application","description":"","commitMessage":"","appUris":{"documentUri":{"value":"/7456203238459537823/N80d8dca4-279d-44ff-bac8-6643e5dabdf8-document.msapp"},"imageUris":[],"additionalUris":[{"isSolutionAware":false,"value":"/7456203238459537823/N7b3bc6f9-34e0-4ed2-a8bc-c4be43755d63-identity.json"}]},"createdTime":"0001-01-01T00:00:00Z","lastModifiedTime":"0001-01-01T00:00:00Z","sharedGroupsCount":0,"sharedUsersCount":0,"connectionReferences":{},"databaseReferences":{},"almMode":"Environment","performanceOptimizationEnabled":true,"canConsumeAppPass":true,"enableModernRuntimeMode":false,"executionRestrictions":{"isTeamsOnly":false,"dataLossPreventionEvaluationResult":{"status":"Compliant","lastEvaluationDate":"2022-10-02T18:40:37.4180202Z","violations":[],"violationsByPolicy":[],"violationErrorMessage":"The app uses the following connectors: shared_rss."}}},"appType":"ClassicCanvasApp","appComponents":[]}}